protocol,feature_set,noise_sigma,train_samples,test_samples,top1,family_hit,panel_exact,stitch_exact,panel_mae,stitch_mae
render_noise_stress,render_pair,0.0,15715,3368,0.9970308788598575,0.9985154394299287,0.9973277909738717,0.9982185273159145,0.005344418052256532,0.011282660332541567
render_noise_stress,render_pair,0.05,15715,3368,0.12529691211401425,0.23366983372921615,0.2007125890736342,0.17933491686460806,2.6716152019002375,5.064726840855107
render_noise_stress,render_pair,0.1,15715,3368,0.13004750593824227,0.24495249406175773,0.20100950118764846,0.1915083135391924,2.7069477434679334,5.082541567695962
render_noise_stress,render_pair,0.2,15715,3368,0.12024940617577197,0.23485748218527316,0.18497624703087887,0.19002375296912113,2.6633016627078385,4.989904988123516
render_noise_stress,render_pair,0.35,15715,3368,0.11995249406175772,0.22832541567695963,0.20338479809976248,0.19477434679334918,2.648456057007126,4.991686460807601
